,F1-Macro,F1-Accuracy,F1-Weighted
LogisticRegression,0.9980314913294464,0.998030303030303,0.9980314913294465
MultinomialNB,0.9993939388547249,0.9993939393939394,0.9993939388547249
LinearSVC,0.9991666345355514,0.9991666666666666,0.9991666345355512
SGDClassifier,0.9990908456176565,0.9990909090909091,0.9990908456176564
RidgeClassifier,0.9991668239958109,0.9991666666666666,0.9991668239958108
